{
  "version": "v0.1-20260514-201649",
  "trained_at": "2026-05-14T20:17:20.369795Z",
  "feature_cols": [
    "elo_diff",
    "elo_home",
    "elo_away",
    "form5_diff",
    "form10_diff",
    "gf5_home",
    "gf5_away",
    "ga5_home",
    "ga5_away",
    "attack_home",
    "attack_away",
    "defense_home",
    "defense_away",
    "rest_diff",
    "host_home",
    "host_away",
    "same_confederation",
    "neutral"
  ],
  "classifier_backend": "lightgbm",
  "n_train": 6766,
  "n_test": 1195,
  "metrics": {
    "log_loss": 0.9379576596061812,
    "brier_score": 0.556622217613149,
    "accuracy": 0.5581589958158996,
    "rps": 0.3741353439360243,
    "baseline_log_loss": 1.0498751680936682,
    "baseline_brier": 0.6332405269645545,
    "goal_mae_home": 1.0807359310086426,
    "goal_mae_away": 0.8930936142635106
  },
  "git_commit": "no-git"
}