{
  "MEX": 1810.0,
  "RSA": 1650.0,
  "KOR": 1780.0,
  "CZE": 1760.0,
  "CAN": 1740.0,
  "BIH": 1690.0,
  "QAT": 1700.0,
  "SUI": 1820.0,
  "BRA": 2030.0,
  "MAR": 1830.0,
  "HAI": 1500.0,
  "SCO": 1750.0,
  "USA": 1810.0,
  "PAR": 1700.0,
  "AUS": 1770.0,
  "TUR": 1770.0,
  "GER": 1940.0,
  "CUW": 1500.0,
  "CIV": 1710.0,
  "ECU": 1740.0,
  "NED": 1960.0,
  "JPN": 1820.0,
  "SWE": 1790.0,
  "TUN": 1700.0,
  "BEL": 1900.0,
  "EGY": 1730.0,
  "IRN": 1780.0,
  "NZL": 1580.0,
  "ESP": 2050.0,
  "CPV": 1600.0,
  "KSA": 1690.0,
  "URU": 1860.0,
  "FRA": 2060.0,
  "SEN": 1800.0,
  "NOR": 1760.0,
  "IRQ": 1620.0,
  "ARG": 2080.0,
  "ALG": 1720.0,
  "AUT": 1790.0,
  "JOR": 1580.0,
  "POR": 1990.0,
  "COD": 1620.0,
  "UZB": 1640.0,
  "COL": 1850.0,
  "ENG": 2010.0,
  "CRO": 1890.0,
  "GHA": 1700.0,
  "PAN": 1640.0,
  "Iraq": 1679.17398785903,
  "United Arab Emirates": 1633.2971578654094,
  "Oman": 1583.321182534004,
  "Bahrain": 1518.8113807561908,
  "Estonia": 1321.2488495954576,
  "Sweden": 1633.7197856745117,
  "Denmark": 1736.2096580411949,
  "Indonesia": 1493.8249157773269,
  "Iceland": 1495.093778267555,
  "Jordan": 1703.9828112148218,
  "Finland": 1467.7885668249114,
  "Moldova": 1232.948204496251,
  "South Korea": 1755.4200084364531,
  "United States": 1695.3946252495805,
  "Bosnia and Herzegovina": 1482.2275450826821,
  "Yorkshire": 1584.5382203452957,
  "Ellan Vannin": 1535.894233833291,
  "Azerbaijan": 1334.7786087215247,
  "Jamaica": 1639.9456197175418,
  "Mexico": 1773.0299845571965,
  "Latvia": 1284.2899194908027,
  "Saudi Arabia": 1616.3702697875274,
  "Iran": 1804.1617502995252,
  "Sierra Leone": 1464.8014201717303,
  "Andorra": 1145.7587240563732,
  "Liechtenstein": 1038.3335527228226,
  "Tahiti": 1558.2851546595168,
  "New Caledonia": 1615.748693327329,
  "South Africa": 1625.882348781117,
  "Angola": 1577.3530485464019,
  "Madagascar": 1517.5993276434433,
  "Togo": 1489.7619504843685,
  "Zambia": 1513.4185709429935,
  "Zimbabwe": 1460.1668536221216,
  "Kuwait": 1467.9050065467502,
  "Qatar": 1521.6077037529708,
  "Antigua and Barbuda": 1251.620406390662,
  "Bermuda": 1358.6017134170177,
  "Laos": 1216.8373146765039,
  "Cambodia": 1284.0443135257765,
  "Macau": 1211.227638333386,
  "Mauritius": 1315.9023113367546,
  "Thailand": 1603.3063255446725,
  "Gabon": 1518.6628135225153,
  "Slovakia": 1570.1948021311741,
  "Philippines": 1448.9959976748096,
  "Fiji": 1467.0055237758506,
  "Nicaragua": 1494.617912014911,
  "Cuba": 1441.6926005051412,
  "Malta": 1285.4125916766777,
  "Luxembourg": 1334.019461026538,
  "Malaysia": 1579.8408300728631,
  "Mongolia": 1255.007563743574,
  "Kyrgyzstan": 1451.3471682981738,
  "Myanmar": 1270.7161752130153,
  "Palestine": 1536.3054518218887,
  "Dominican Republic": 1531.4281976175796,
  "Turks and Caicos Islands": 1233.7874847106016,
  "Panama": 1716.7851649997172,
  "China PR": 1530.4150942031029,
  "Wales": 1575.0480992222151,
  "Burkina Faso": 1652.148610022313,
  "Guinea-Bissau": 1385.1495750852534,
  "Belize": 1391.3353597031567,
  "Grenada": 1365.7274155318137,
  "Algeria": 1824.7265270638304,
  "Tanzania": 1407.187216688667,
  "Faroe Islands": 1355.613120039241,
  "Norway": 1763.2941623043105,
  "Australia": 1789.3392621377147,
  "Peru": 1545.669260279755,
  "Croatia": 1779.3996620778432,
  "Poland": 1629.6191962181301,
  "Nigeria": 1770.7928426601172,
  "Portugal": 1830.6103780769092,
  "Egypt": 1746.6776538601503,
  "Russia": 1724.806097563318,
  "Brazil": 1847.8959708018858,
  "Senegal": 1845.8742336563864,
  "Uzbekistan": 1764.2902706454136,
  "Tunisia": 1712.6505968250135,
  "Singapore": 1408.2829079991025,
  "Maldives": 1272.5389894528412,
  "Turkey": 1743.9111675479196,
  "Republic of Ireland": 1567.4170847666962,
  "Ukraine": 1645.6439055240185,
  "Uruguay": 1755.4751051152684,
  "Czech Republic": 1621.7958021569525,
  "Netherlands": 1811.0827705155746,
  "England": 1838.8995825450397,
  "Serbia": 1669.338147976781,
  "Morocco": 1899.9826201020198,
  "Scotland": 1610.9483775389845,
  "Costa Rica": 1649.9625412007986,
  "Italy": 1723.0808101621035,
  "Argentina": 1938.892668437852,
  "Austria": 1737.1049337007496,
  "Slovenia": 1602.509714524777,
  "Belarus": 1458.9365966457297,
  "Bulgaria": 1443.3615102132032,
  "Cura\u00e7ao": 1576.347897057546,
  "Bolivia": 1537.9676286459858,
  "Cyprus": 1268.1339838464896,
  "Montenegro": 1381.7683033201536,
  "North Macedonia": 1492.958151179985,
  "Japan": 1870.627203310669,
  "Mali": 1696.5852250242092,
  "Gambia": 1534.071114382938,
  "Central African Republic": 1390.4811286877243,
  "Germany": 1793.8665999726124,
  "Spain": 1960.625642040109,
  "Greece": 1630.484864772133,
  "Switzerland": 1755.737683200197,
  "Guadeloupe": 1552.5989350858363,
  "Trinidad and Tobago": 1493.3399091235365,
  "Hungary": 1583.5989734131037,
  "Kazakhstan": 1410.7330002542265,
  "France": 1901.158758005367,
  "Colombia": 1831.3708520519635,
  "Ivory Coast": 1762.3978981841522,
  "Alderney": 1389.3371526519686,
  "Guernsey": 1566.8959755509486,
  "Uganda": 1494.11975176876,
  "S\u00e3o Tom\u00e9 and Pr\u00edncipe": 1274.384941178123,
  "Chile": 1620.178163781269,
  "Syria": 1586.805764646295,
  "Northern Ireland": 1505.3189198443347,
  "Mauritania": 1435.5947485452414,
  "Guinea": 1571.6296132636712,
  "Canada": 1760.1084106733344,
  "New Zealand": 1637.7372192105472,
  "Israel": 1528.6646904999773,
  "Romania": 1522.254057559479,
  "Georgia": 1568.5946490104513,
  "Lithuania": 1271.2925569110935,
  "Comoros": 1471.3662433524685,
  "Kenya": 1478.2381562167548,
  "Botswana": 1416.2689547003708,
  "Lesotho": 1400.9369223084318,
  "Armenia": 1307.4481637682377,
  "Kosovo": 1622.5852125398762,
  "Cameroon": 1670.268688213056,
  "Martinique": 1449.762611577519,
  "Chagos Islands": 1391.729613247348,
  "Saint Kitts and Nevis": 1378.978186183116,
  "Barbados": 1268.8507786762239,
  "Gibraltar": 1123.5280879286918,
  "Albania": 1551.5860947528708,
  "Namibia": 1405.2252092426058,
  "Tajikistan": 1490.3252751438758,
  "Taiwan": 1262.590008127893,
  "DR Congo": 1713.1428234382875,
  "Malawi": 1454.8894415199925,
  "Paraguay": 1662.5582596799557,
  "Yemen": 1423.459095645862,
  "Nepal": 1299.0345874593272,
  "Seychelles": 1140.5171375600246,
  "Eswatini": 1373.621572782085,
  "Afghanistan": 1328.6267465233911,
  "Turkmenistan": 1454.1215237217436,
  "Belgium": 1754.081954610221,
  "Bhutan": 1208.6996405499897,
  "Vietnam": 1568.4623751320455,
  "North Korea": 1476.2009761290064,
  "Hong Kong": 1468.6558773073778,
  "India": 1365.4519202244437,
  "Bangladesh": 1324.8741385541568,
  "Lebanon": 1500.3882512740738,
  "Barawa": 1371.640769577518,
  "Panjab": 1532.838631428832,
  "Saint Barth\u00e9lemy": 1496.3009106195934,
  "Saint Martin": 1444.5252445163792,
  "Surrey": 1525.4020200979476,
  "Jersey": 1693.8963621543267,
  "Sint Maarten": 1416.039950085059,
  "Niger": 1495.4182765311743,
  "Mozambique": 1489.5507825157579,
  "Honduras": 1620.2796845454595,
  "Equatorial Guinea": 1455.9237244865978,
  "Haiti": 1650.6363470521203,
  "Ghana": 1565.5810207860359,
  "Abkhazia": 1589.4452441764788,
  "Tibet": 1344.350805406804,
  "Kabylia": 1456.6161471733817,
  "United Koreans in Japan": 1495.6378402016728,
  "Western Armenia": 1521.2219805014151,
  "Padania": 1576.7447677932444,
  "Matabeleland": 1480.9572737362207,
  "Sz\u00e9kely Land": 1501.2775653968672,
  "Tuvalu": 1344.8455767487137,
  "Northern Cyprus": 1576.3048718748264,
  "K\u00e1rp\u00e1talja": 1588.9228966566318,
  "Tamil Eelam": 1567.6440360751035,
  "Cascadia": 1545.7121317059332,
  "Cape Verde": 1623.699244892533,
  "El Salvador": 1474.1711590256411,
  "French Guiana": 1485.9855094505035,
  "Liberia": 1413.9428963308997,
  "Anguilla": 1144.3164440801752,
  "British Virgin Islands": 1284.0830767584896,
  "Guatemala": 1590.2888909598678,
  "Sri Lanka": 1266.5872372257156,
  "Solomon Islands": 1390.8927290705967,
  "Timor-Leste": 1215.606638017386,
  "Brunei": 1234.180248318629,
  "Ethiopia": 1406.483975032434,